"GI_18426974-S","GI_41197088-S","GI_17981706-S","GI_41190507-S","GI_33356162-S","Hs.449605-S","GI_37546026-S","Hs.512137-S","GI_37546969-S","Hs.449584-S","Hs.406489-S","GI_18641371-S","Hs.449609-S","hmm3574-S","hmm10298-S","Hs.449602-S","GI_11095446-S","Hs.512124-S","GI_37542230-S","hmm3577-S","GI_21389378-S","GI_27754767-I","GI_13514808-S","GI_13027804-S","GI_4504410-S","GI_11993934-S","GI_33356559-S","GI_37537697-S","hmm10289-S","GI_42660576-S","GI_34915989-S","GI_31377723-S","GI_28416938-S","GI_42656398-S","Hs.449572-S","GI_23065546-A","GI_42662536-S","GI_41190543-S","GI_23510363-A","GI_7661757-S","GI_27482629-S","GI_16554578-S","GI_34222299-S","GI_31652245-I","GI_27754767-A","GI_8923472-S","GI_20070269-S","GI_30795192-A","GI_31077201-S","GI_27894333-A","GI_24308084-S","GI_19743804-A","GI_28610153-S","GI_27764881-S","GI_4507820-S","GI_21464138-A","GI_14211892-S","GI_27894329-S","Hs.185140-S","GI_4505888-A","GI_34222336-S","GI_27477086-S","GI_4504436-S","GI_21614524-S","GI_24497529-I","GI_19224662-S","GI_22027487-S","GI_9961355-S","GI_21389558-S","GI_24797066-S","GI_38569448-S","GI_28557780-S","GI_20302136-S","GI_16159362-S","Hs.171273-S","Hs.136376-S","GI_4502630-S","GI_4504700-S","GI_7657043-S","GI_42476191-S","GI_37546229-S","GI_7662241-S","GI_13325059-S","GI_4505948-S","GI_41350202-S","GI_20373176-S","hmm9615-S","GI_21389548-S","hmm3587-S","GI_7019408-S","GI_37537705-I","GI_31341400-S","GI_18641372-S","GI_30409981-S","GI_5454143-S","GI_40354211-S","GI_18379361-A","GI_20143949-A","GI_4507426-S","GI_14602456-I"
14.217386,6.0679,6.112384,6.35956,6.077128,6.235026,6.495667,6.614708,6.002133,15.385354,6.518171,9.452326,6.340986,6.599867,6.277623,15.465953,6.116529,7.66606,11.93309,12.664687,6.715358,6.142264,6.002929,6.449327,11.008185,11.861785,6.051431,6.101434,6.033571,11.133182,6.573969,10.33107,6.647075,6.262386,6.038021,8.730239,10.680801,6.286885,10.323044,7.90343,9.625078,6.367575,6.232637,10.718266,6.816593,9.043663,6.838115,10.8939,7.173871,10.971897,8.183257,11.679224,7.820372,7.379566,9.615468,6.636347,5.907242,9.239151,10.270641,6.451152,8.328979,12.206635,8.312894,5.967512,9.209433,8.236927,6.262417,8.659825,10.372786,12.802083,6.588299,10.362205,7.286697,10.435591,7.117648,8.238493,6.224428,7.381016,10.894175,9.113407,8.003986,8.516512,12.417009,9.378154,7.643696,10.340309,6.607248,6.048586,6.142014,8.72361,8.572791,6.025538,10.650607,8.210023,9.522827,9.848712,6.228171,7.287604,6.531866,6.751506
6.045551,6.204508,13.011187,8.572267,12.405055,8.998613,15.878857,9.556195,8.186877,6.155449,8.749026,6.054201,6.37526,9.870416,6.281537,15.268148,10.466807,6.611145,6.931394,10.74547,6.640868,6.142978,9.169234,6.084432,8.933767,10.878089,9.80676,6.275033,5.994174,12.178901,8.786541,6.069688,7.258281,10.660984,5.892678,10.650452,12.39562,6.191921,7.336168,6.389131,10.454333,9.088634,6.327694,9.147815,7.233127,8.206693,7.389991,7.35226,8.34242,8.426763,6.424604,9.899477,8.209664,10.915709,8.931372,6.498436,8.596395,9.704446,8.781431,7.094791,9.301214,8.549541,12.560423,5.846592,7.71416,6.756567,6.196549,6.786395,9.53296,13.59983,6.617922,9.14436,5.991826,9.35,7.853225,8.017228,6.709736,6.807193,9.630456,6.435561,7.480815,10.65486,11.678223,9.111609,6.130718,13.131133,7.494765,6.094879,7.05165,8.783152,8.628778,10.486811,12.134475,6.288697,6.472885,8.35292,6.526821,10.512019,7.908867,6.525898
6.340567,6.451339,13.08127,6.486416,12.442465,14.07987,10.274196,8.559765,12.692369,6.364313,13.667397,6.126122,6.371988,13.654273,6.267339,14.150072,10.636595,8.649914,6.878124,9.180318,6.095078,6.885856,9.691269,7.371567,9.749358,10.410237,9.376034,6.481491,6.066404,8.25893,8.244064,7.447466,6.471603,8.881737,6.050346,6.363275,11.926321,6.197679,9.654852,9.21775,7.362364,8.034115,7.000298,9.224722,7.265076,8.11017,11.541104,8.914293,9.454389,10.35185,10.560182,10.56722,12.504921,8.779352,9.520104,6.922206,8.13917,10.06454,9.205168,7.355334,7.937497,10.796929,11.759544,6.017991,9.530968,10.790772,7.048737,6.616977,10.53765,13.328575,9.353859,10.090459,7.215271,10.36117,6.299735,8.678803,7.707781,11.711598,10.029091,9.407614,8.308221,8.443134,13.373794,9.272923,6.899104,13.000572,8.052012,7.733864,6.335639,9.385829,9.327698,8.762428,12.689859,7.82641,9.727653,8.669844,8.524,9.381383,7.805227,6.633137
6.1133,6.389877,13.360477,15.772347,12.256289,13.304084,6.976274,12.388112,6.259136,6.161601,14.397371,6.045013,6.330585,14.489313,6.295682,9.112474,10.796708,10.153779,6.049451,10.253542,6.212369,9.18608,9.848503,9.548334,9.714124,11.524231,10.199684,7.199312,6.038301,11.684013,6.857114,11.166733,6.572627,6.275375,5.958535,8.947312,11.641274,6.195456,7.411884,9.454041,6.760575,7.173589,7.647583,9.904603,8.405899,8.777203,8.095882,10.368165,7.982739,9.180363,9.934667,9.579746,8.470346,8.500027,9.446183,6.787108,9.004705,5.955992,11.55005,6.559314,9.422443,11.192633,8.508227,8.077724,9.493507,7.51125,8.933853,9.567716,8.211047,11.307703,8.154228,7.627324,8.7878,10.197867,7.769253,5.884539,8.316728,8.35801,8.136511,12.006668,10.158762,7.101746,11.818449,8.873637,7.882231,13.176546,8.695023,6.093883,6.113494,9.990576,10.154575,6.786497,12.278483,10.178358,10.654253,10.854112,6.73802,10.018635,9.63399,8.116134
13.830023,6.052565,6.102478,11.916794,6.006354,9.694568,14.61969,15.10625,10.64304,10.609795,15.025161,12.298217,10.911179,14.453883,12.366247,13.529457,6.113972,11.984752,10.514878,9.806055,8.079201,8.260113,6.050607,6.872978,10.037436,9.853503,6.053077,9.297223,9.346395,12.390965,9.788898,6.258016,8.863421,7.94639,5.992064,9.273321,12.715626,7.086193,8.02454,9.791387,9.682922,8.928526,8.259142,7.578196,7.99107,9.313564,7.032463,10.057619,10.527335,7.981261,6.467115,6.905711,9.861925,7.828294,9.708509,7.596337,5.778,7.562999,9.850235,6.495761,7.699838,9.105048,12.49505,6.327879,9.327932,6.951202,8.053883,8.523736,6.995802,12.326703,6.900355,9.681735,8.561113,8.235112,8.662411,7.56577,8.056547,8.233972,8.024185,8.630324,10.015082,9.437461,10.855934,8.645195,7.333776,10.766414,10.067599,8.184557,7.339119,9.398706,6.704856,9.241983,9.872943,7.494946,6.797961,9.157461,7.474101,7.723132,9.114611,7.838307
6.296204,13.910456,5.992261,11.943072,6.072196,7.015711,10.401141,8.430153,6.444004,6.048816,12.360866,12.82856,6.325901,14.252676,6.258263,7.875596,6.136637,10.114414,6.244739,7.270778,6.220278,6.681703,6.149593,6.448442,8.397811,12.291355,6.088241,7.029058,6.039342,8.031635,9.992067,9.010151,9.742337,6.718003,5.939967,6.262009,12.412144,6.247441,12.555376,10.672171,11.140415,7.150524,7.179354,10.115077,7.033406,10.490303,6.716313,11.919758,6.461353,10.532137,9.491945,11.644139,6.983909,9.597924,8.392226,7.007652,5.811388,6.542503,9.736456,6.137161,5.996429,11.744588,12.436449,5.915521,11.832736,10.489688,6.739915,8.897417,8.648624,13.358043,6.799522,10.83635,9.442783,10.639858,6.356955,9.958592,8.655022,8.5035,11.746903,8.522385,10.680299,10.189792,10.458104,6.406581,7.287958,10.661166,6.660767,7.881586,9.288706,7.740208,9.946342,8.77553,13.580592,7.619963,9.426115,9.158745,6.077063,10.972987,8.564225,6.736361
13.380031,6.328773,6.104569,14.350429,6.179147,13.285349,9.906019,14.279428,12.609195,10.453509,13.755285,9.067377,10.356785,13.91722,11.010938,12.812856,6.06983,12.214866,9.67705,11.803896,8.69307,10.71545,6.037001,8.053827,10.396887,11.898752,6.047747,12.468418,6.168786,11.891216,11.547117,6.901437,9.031761,6.996853,6.076917,9.15676,11.167312,7.33997,9.778564,8.794464,8.891741,10.007766,9.4041,10.109612,9.778585,8.583423,8.451104,10.232714,8.130346,8.962706,8.94382,9.295721,10.726653,8.299536,9.089854,9.358355,5.625385,7.752814,11.827413,7.319676,9.839458,10.957087,10.515657,7.610288,7.716504,8.1023,9.835505,10.216981,7.580482,13.372169,10.321991,9.256212,8.034623,8.360838,8.8672,7.690084,8.905258,9.27001,9.470516,10.346391,9.846641,7.460879,11.35971,8.728534,9.07296,10.976112,8.844657,8.451287,6.231515,9.611721,8.776842,8.373299,11.065521,9.100987,9.892482,11.195436,7.273095,10.08689,7.569687,11.37861
6.251453,13.911742,13.151392,8.699349,12.014725,7.30084,8.606952,10.203562,7.326533,6.325902,7.848965,12.943598,8.321951,8.579075,8.245536,14.79687,10.625571,6.669124,8.655409,12.401553,10.653445,6.353039,9.865877,7.711169,9.471133,7.978736,8.487603,6.161057,6.104947,8.112244,7.280049,8.866176,7.495236,9.744754,13.123456,6.43136,11.168062,6.822392,11.481619,7.415093,9.207404,9.147568,6.545413,8.944598,6.803558,9.197861,8.880529,10.185463,7.423874,10.677481,6.443554,10.543371,11.116773,9.378292,8.876269,6.529085,7.105864,9.497463,8.943339,6.770912,6.415485,11.321589,11.360911,6.002367,7.252527,10.794819,6.731918,6.726145,9.460264,12.834305,8.129513,9.438083,6.280417,10.399863,6.370686,9.18441,7.180374,7.73387,11.443059,8.050619,8.587183,8.996193,13.02273,6.842879,6.632775,12.913795,6.531142,6.187889,8.543751,9.456523,8.229896,8.863503,13.635195,8.365555,7.486803,8.417146,7.08148,8.437893,7.361497,8.921197
6.222991,6.424211,12.996275,6.284698,11.864031,7.975785,12.087064,6.821832,7.004462,14.701995,13.971064,6.046756,7.248679,13.927521,6.238734,14.750312,11.693095,6.676667,6.548209,6.635615,6.936973,6.816017,10.156035,7.431744,10.040985,8.029214,9.542537,6.043575,6.085149,11.976181,8.072045,8.996888,11.665314,9.630028,6.084273,9.416493,12.240178,6.241945,11.407234,10.678063,10.646271,6.82854,6.333509,10.011111,8.337826,6.221123,9.162801,8.825472,12.452544,9.754695,9.268618,9.592029,8.435405,8.569798,9.090822,6.577631,8.249462,7.075468,9.458982,6.802149,6.553704,8.479905,9.789695,6.265893,7.395254,6.931386,6.613655,7.559893,8.324844,12.351615,7.609277,10.158742,9.026678,9.59899,6.2709,7.866749,7.09,7.471527,6.770195,11.412511,7.402557,11.495347,11.851356,6.883335,9.308457,12.840949,8.022967,7.894852,9.129567,11.473352,9.557217,8.155678,12.215692,6.260469,8.479498,8.817436,6.82397,9.236609,8.243564,6.719518
6.159045,14.035229,6.216888,13.76478,6.021881,10.439064,9.375938,13.381669,8.825393,7.167346,13.572058,13.121807,7.265621,13.103863,6.218479,14.761082,6.247251,8.445459,7.056533,12.607836,9.34373,8.888245,6.042168,9.476336,8.737509,11.07502,6.110957,7.806428,6.119768,8.318485,9.743024,7.790802,9.951736,6.274974,5.94407,6.265096,11.242104,7.529053,9.605375,6.819614,9.208996,7.823785,9.469975,8.017502,8.598218,9.013732,10.455708,9.527355,6.75922,9.17274,8.969199,10.228697,11.560067,7.98534,8.687195,7.883387,5.716746,9.491699,11.039296,10.200959,8.298679,8.730174,10.827724,8.669677,8.171124,6.954467,9.640539,8.253299,9.292886,12.502192,9.844462,8.987856,6.343855,8.337313,8.37696,7.397827,9.865768,6.703526,8.521752,10.533781,9.801083,7.635832,12.56053,10.042224,8.599062,10.369014,9.115183,6.968743,9.479478,8.979771,8.070863,7.369307,12.887729,6.471684,10.505954,10.296298,8.25764,7.922565,7.156047,8.751496
14.181003,14.008193,12.845654,14.694112,12.188381,14.035198,8.139636,14.400913,13.471372,13.489809,15.287519,13.414738,10.879589,13.539409,6.276275,14.218955,6.114895,15.939489,8.42597,10.214024,8.295388,11.177786,10.224316,12.771684,11.063979,10.926684,9.539881,6.426018,6.013691,11.211872,9.843795,7.453339,6.193521,7.153672,8.119643,6.332484,7.219977,9.94569,7.925336,11.494741,8.311193,9.189163,9.383648,6.34711,10.520595,6.098408,11.941695,9.233792,7.279892,8.266718,6.465019,7.213738,10.553813,6.305797,9.759294,8.951506,8.007701,8.497551,9.965615,8.798405,9.423828,7.420056,9.549422,9.101327,7.423882,7.687176,9.58581,7.123277,6.746068,13.91821,9.151712,7.716943,9.908881,8.389691,7.566079,6.137037,9.134646,6.702409,7.739459,9.028287,10.412134,9.632284,10.293573,7.239241,9.778626,12.685599,10.375076,6.06045,7.661727,12.800684,6.273276,6.34436,13.82297,6.347176,9.856019,9.333744,12.219635,8.956237,6.878485,6.414093
14.510999,6.009214,6.16892,14.93202,5.781538,15.302368,13.071285,15.806871,14.126906,7.251987,14.87798,12.880263,7.799976,13.743605,13.269345,13.320909,6.020816,11.595887,9.807483,12.978431,12.056667,11.155218,5.970324,12.00881,10.572389,11.992935,6.128007,11.92565,6.015721,12.65738,9.72482,7.286461,6.866681,6.31852,5.940162,6.261715,12.328225,6.741326,9.33592,10.106228,9.810617,10.556285,10.524632,7.857123,10.140733,6.847764,10.900965,9.054741,9.708967,8.084735,6.331401,9.394103,9.6739,6.865148,9.690368,11.11169,5.707887,8.82205,10.961646,9.991066,9.596165,8.533311,8.69435,6.906184,8.470303,8.063745,10.544957,10.514214,7.240922,11.634432,10.425338,7.624733,9.218314,7.935313,9.770171,6.201969,8.292001,9.006867,9.327086,8.745008,9.679849,8.748829,10.257347,7.606071,10.083545,10.872035,10.075449,8.857991,8.554095,12.010588,8.522291,7.29552,12.627213,7.722064,9.567315,10.353561,8.739705,8.076346,7.240722,6.511898
13.919416,6.200114,13.362996,6.456326,12.32263,6.136761,10.943002,6.744275,6.09108,7.952203,14.001984,9.590736,6.328375,14.009653,6.190909,15.244243,10.903229,6.212279,6.072376,10.146473,6.270188,9.833823,9.939674,9.131479,11.113662,12.061392,9.276881,10.235156,6.134201,11.737612,8.908172,9.420344,6.708313,6.558056,6.025393,6.29307,11.374607,6.072236,12.298687,6.616978,11.23271,8.062083,10.486831,9.5947,9.396967,6.145902,10.254487,10.263785,6.792146,10.249383,6.687272,10.309179,11.972008,9.173442,9.718966,7.160486,8.216862,9.635041,12.059233,11.336915,6.740402,9.275325,11.030076,9.991774,8.928896,7.373393,10.615487,8.154032,6.198938,12.601865,11.112974,10.736765,6.031782,9.795063,10.385921,7.418033,8.514447,6.878784,7.73036,10.214002,10.877336,8.581335,11.879787,9.489852,10.643797,13.105475,10.755599,8.802731,6.144609,9.755054,8.277609,10.246612,11.800702,6.131512,9.82957,11.350055,7.258246,9.322612,6.821425,6.427678
6.124411,6.403599,6.011338,9.803708,6.03308,13.398943,10.503311,10.552184,12.359297,13.039153,14.120199,6.04419,7.112688,14.286883,6.258159,14.971614,10.977876,8.260041,7.944495,9.767582,8.995686,11.504149,5.946475,9.598709,9.61596,11.780267,6.024866,8.899403,6.003697,12.447184,11.142685,7.971697,9.177085,8.671613,6.02738,8.929645,12.451189,6.371759,8.427264,9.246905,8.516675,10.017639,10.28074,6.573074,10.556422,9.384277,9.437712,7.536526,7.67942,8.229312,7.075543,9.303606,9.315763,6.50623,10.21693,10.219286,5.594505,6.178491,11.233297,8.339162,9.444584,9.354661,10.345737,8.981549,10.048473,7.187026,9.904728,10.426508,7.58255,12.514971,10.864977,8.911032,7.766191,7.143226,8.725779,8.917096,8.62432,9.236789,9.806512,9.130289,10.435522,7.544237,9.112275,8.644084,10.177913,10.925292,8.520673,7.636153,6.196505,9.227557,9.012455,7.439794,11.715896,8.981401,9.40181,10.592445,7.194248,9.732199,7.818869,6.126192
15.017441,6.104012,13.131322,13.607611,12.370329,6.280241,9.306532,10.790864,6.120065,6.205153,14.293768,10.728137,6.300917,13.917476,6.258864,9.00434,6.143199,10.718103,6.62801,10.768079,6.186449,11.401094,10.483707,10.759102,11.967922,6.64239,8.460795,6.21575,5.980921,11.734201,12.318333,8.878421,7.974385,9.905698,5.921288,6.261998,12.187933,6.146762,7.901383,11.117519,8.275137,10.719631,10.401242,7.19377,10.733845,9.456945,11.103819,8.426811,6.119683,9.191471,6.281295,8.285091,12.559155,6.578828,9.868585,8.512183,7.145574,8.362938,11.346802,7.573989,8.328231,8.773901,11.509188,9.288465,8.498242,7.526193,8.08632,9.070411,7.959656,13.245102,8.336006,10.081788,7.785306,9.167124,6.961754,7.270145,7.728659,8.205919,9.48198,9.664726,10.278304,10.760036,13.064604,6.831462,9.918022,12.992811,9.350032,8.691406,6.30245,9.16532,6.401686,9.043551,11.63307,7.038366,7.118567,10.685358,7.68234,7.189212,8.401397,6.062608
13.791679,6.101468,5.931897,13.615276,6.001789,10.670268,13.487298,14.630789,6.145277,6.173141,13.762138,9.584767,6.37583,14.02157,6.218495,10.186129,11.042406,10.8414,10.227547,9.755606,6.278366,6.146182,6.112135,6.256685,11.268529,9.311269,6.106874,6.245688,5.982951,11.766152,6.621626,11.431129,12.15516,6.33414,5.92059,6.406123,13.027138,6.128155,12.149808,9.695895,12.723094,6.178109,8.667546,10.114404,6.617955,8.916697,8.087581,10.620888,7.298612,11.009049,10.288766,9.788714,9.166205,10.016767,9.65451,6.58952,5.730883,7.817098,7.510813,7.721071,9.549067,11.974835,9.827893,5.8908,10.165897,8.990288,8.52737,6.474457,9.092464,12.871157,10.612763,11.009514,8.786128,11.321589,6.656464,7.851119,6.628928,7.878473,7.338123,9.510814,7.77589,8.453369,12.759509,7.676882,7.34771,11.247174,6.95147,6.083436,8.484867,8.862308,7.864659,7.144035,11.909302,6.252888,8.408238,7.312044,5.971206,7.348739,8.267832,6.271003
13.469696,13.482404,13.635599,6.406874,12.557912,6.269603,7.967907,7.269678,6.172326,8.578821,12.89635,12.974327,6.385515,13.60755,15.855748,15.227217,6.065751,7.093795,8.120994,13.15577,6.028161,11.965797,10.420834,12.496052,12.895171,11.109261,9.887573,9.305508,6.022612,9.015426,9.212159,9.824342,8.794952,10.018819,5.840195,6.37264,12.887957,6.084577,8.705428,11.108405,9.325012,9.787376,10.330685,8.08515,11.0143,6.132151,8.814645,8.075232,8.054744,9.195411,6.872624,10.933852,9.35864,7.533779,9.99291,7.239308,9.032957,9.549386,11.575738,10.480377,10.530208,8.7563,8.319058,9.214407,9.739551,7.58503,9.444979,11.401464,8.74437,13.175443,8.666917,9.305581,9.978095,9.384903,9.958775,5.977231,8.743997,7.070203,10.908566,11.449093,10.037346,9.378876,10.141639,10.036681,9.129951,13.306281,8.914542,6.070778,9.331021,10.685089,9.92767,7.421669,12.959765,10.346677,8.961143,10.811805,7.49977,10.570837,9.63508,6.873736
14.595231,6.055,6.103624,9.884339,6.020175,7.448713,10.709124,9.814673,6.829024,7.35174,8.895476,10.843978,6.349954,8.532055,6.398425,14.725789,6.013355,7.55249,7.687652,13.386658,6.423546,10.167756,6.062762,7.531427,13.325307,12.17815,6.00904,7.823834,6.149253,12.277021,10.952986,8.572029,6.391966,6.210702,14.962203,6.353921,11.55196,6.182788,8.972742,10.880569,8.047006,8.153557,8.918478,7.590984,9.666265,8.814975,10.763726,9.11584,6.645194,8.480895,6.866852,10.376346,11.6855,6.595343,9.361381,6.901626,5.650952,8.53404,10.308539,6.572933,8.718665,8.822801,11.056326,8.658608,7.193206,7.593215,9.178985,8.777021,8.352587,11.61312,8.413929,9.084543,8.541724,8.282473,8.400458,9.4203,8.536336,7.589453,10.212948,8.97912,10.451946,7.441743,11.295008,6.596293,8.402901,10.82581,9.777227,6.282142,6.066719,8.631846,6.349473,6.527246,10.379701,7.483761,8.600288,9.779711,7.02331,6.734215,6.25391,7.127587
6.106743,6.169075,13.291512,6.467846,11.830182,6.976877,13.722882,7.808691,6.812567,8.76012,14.572995,6.156071,6.408701,14.498291,6.27327,15.254352,12.030817,7.309471,13.841578,10.813832,10.230005,11.455721,10.365103,8.862473,10.027818,11.942709,9.444358,8.077416,6.076838,11.945436,11.93781,7.13756,9.975379,6.425192,6.359837,6.286903,11.460034,6.185637,9.364438,7.854415,7.646435,10.913016,9.927778,6.846591,10.314539,6.111379,9.407968,10.546403,6.518753,8.420789,7.346966,9.42598,9.990541,6.374003,10.933606,10.177396,8.035826,6.857244,11.582202,9.852065,6.106623,8.477493,10.574942,8.360007,8.910464,6.836744,9.22934,10.532065,7.903391,13.634475,8.7212,8.07317,6.633197,7.60491,9.249802,8.058575,8.362445,7.680474,10.481542,9.035239,8.551256,8.172982,11.82727,8.286932,9.647873,13.053647,9.424936,6.870976,6.154681,8.555663,6.503931,9.643377,12.446652,8.015468,8.352396,10.899602,6.90244,7.453291,9.407654,6.215994
14.73819,5.981216,6.006056,9.233305,6.026198,10.324075,15.559944,10.663497,9.238602,6.982132,14.185485,13.114848,6.373901,13.70596,6.266248,15.361253,6.201685,7.650827,11.134596,6.290391,9.384465,11.065543,6.14089,8.143551,10.885133,10.789337,6.022471,6.973605,6.133833,8.761304,11.697094,6.063846,10.0017,6.24398,5.938422,9.15877,12.77293,6.011858,8.274412,6.892548,10.075463,11.105979,10.107672,8.126232,9.833211,9.66147,8.700486,11.495627,6.910292,8.704857,6.556736,8.130117,9.313748,7.338664,9.474071,9.756624,5.628531,10.706228,10.885898,9.830524,10.01173,8.790404,10.553364,8.724159,9.835002,7.697462,9.32368,8.892454,7.215527,14.23521,8.067346,9.109659,6.355896,7.899269,8.626555,10.91595,7.041996,8.517924,10.411507,9.342206,10.548541,9.666558,11.007223,7.269828,8.349692,11.119011,9.520997,8.675199,6.161707,9.443572,7.465672,9.63708,12.806616,6.285395,8.759812,10.220076,7.411734,9.928893,10.058733,6.453674
13.58505,6.073834,13.03835,8.843563,12.083453,15.033778,16.041494,8.904145,14.508894,6.131783,7.099578,8.858792,6.403299,7.376522,6.288974,9.059682,10.605044,9.208127,12.724536,9.99149,6.271345,6.398364,10.002815,7.743038,10.466745,7.007796,9.667977,6.336319,5.998012,12.20365,6.289226,6.056507,6.050407,9.970957,5.990779,6.407255,11.737802,6.255314,7.746371,10.633589,8.183275,6.455186,6.360208,8.718823,6.664135,6.210089,7.359146,9.715102,6.720263,6.719731,9.22555,6.848283,8.838617,7.576497,9.589528,6.165708,8.836852,8.565824,8.46024,5.952738,8.592501,8.563032,8.974485,6.012815,6.872064,7.09353,6.695665,7.593137,7.04523,12.548701,6.394283,6.560796,9.568712,8.898755,7.812161,6.765487,8.548795,7.93124,7.195086,10.959994,9.622191,6.872815,9.17846,6.366084,6.475113,12.856555,9.243834,8.112673,7.267231,11.922404,7.123335,5.942128,11.529085,9.345081,7.037076,8.00991,6.437337,9.396288,9.541689,6.453804
14.663186,6.061274,6.080288,12.084184,5.870643,13.209038,14.221266,13.780925,12.967806,8.615695,11.90116,11.369811,11.797443,13.688625,6.247394,12.580855,6.09311,9.748956,8.102558,12.322853,10.201066,9.233825,5.992646,11.31566,13.56249,11.042797,6.009414,7.540584,5.989533,8.919373,9.389713,7.371947,7.963795,9.210353,5.935869,8.999787,7.816021,6.07149,8.866145,8.906361,8.573892,8.954679,9.570556,8.690658,8.547938,9.359679,9.869252,10.160555,7.948633,8.536563,8.904228,9.75656,11.475526,8.024762,9.187692,7.382508,5.737655,10.127741,10.438309,8.67098,8.934006,10.794472,11.929814,7.821067,10.239846,9.284725,8.212564,7.853596,9.869387,11.67185,8.527968,9.847362,7.209007,9.92809,8.425626,10.137407,8.162092,10.559913,9.729836,9.529616,9.534327,9.663009,12.607475,8.008294,8.248065,11.207475,10.351386,6.183397,6.108245,9.142793,7.731632,8.540671,10.707348,9.187394,8.765317,9.787298,8.843502,6.81186,8.196998,6.824724
14.009254,6.277474,12.4894,6.505705,6.797864,13.700105,11.391971,10.341348,11.894502,6.151179,13.120595,8.980735,6.383244,13.389839,6.292344,7.763183,10.442784,9.113913,7.199324,8.041126,9.802994,9.69895,8.926273,11.345159,10.818021,12.380707,9.698854,9.129355,6.076497,10.926142,9.600952,9.356566,9.214214,6.300321,5.955523,6.316932,7.320431,6.082724,10.938452,9.799992,10.049932,6.770018,8.137278,9.067071,8.72708,9.704066,9.23054,9.029312,6.492318,10.902405,10.279793,9.235617,9.187439,9.162098,5.989456,6.905772,8.363563,7.557607,11.01678,7.05305,9.869227,11.484433,9.035464,7.718404,8.557389,10.532814,8.794832,9.474788,10.680926,13.019468,11.87608,10.876245,9.447784,10.384768,8.713882,10.443041,6.53116,9.954084,8.212048,11.157678,10.589005,8.610949,13.234054,6.731017,8.946998,12.540498,8.760953,6.109269,6.420169,10.509982,8.975574,9.061929,11.962686,7.608166,10.136464,10.26611,7.695347,9.495644,7.923354,7.465843
13.562287,13.807677,6.204331,13.682731,5.917127,12.510714,15.164209,13.97585,13.829189,9.253871,13.496752,13.09069,6.367272,14.101055,6.21109,10.657369,6.126412,8.048743,6.245293,9.892982,11.240788,8.193736,6.05471,7.050251,10.488073,11.98603,6.063685,6.396365,5.967228,12.572522,10.125754,8.663306,8.113637,6.2721,5.850205,6.191119,12.647885,6.198669,9.928554,9.43048,9.983776,8.47868,8.041237,10.335259,7.920699,8.886196,8.344247,10.430902,7.138939,9.70364,10.714476,10.730673,8.430924,9.311196,9.848847,7.301288,5.869179,8.820347,10.927788,9.593363,8.779786,10.433457,8.752043,7.206578,9.242992,8.331454,8.992387,10.600764,9.481426,13.23798,10.217468,10.934224,9.556727,10.432821,7.693512,8.235569,7.201726,8.287654,9.330738,11.048284,7.485916,9.27554,11.109715,8.643616,8.927519,10.723463,9.263471,6.288166,8.784166,10.348664,7.152553,7.23035,12.582458,8.180648,9.70453,10.469591,6.579382,10.556753,9.760884,7.404467
14.504107,6.04192,13.037681,11.168884,12.454759,15.355888,9.845177,10.615935,13.308162,7.788235,11.322996,11.046934,11.845211,12.585302,6.217371,10.51429,6.094441,11.927636,6.13711,13.625665,7.291501,11.143511,9.958521,8.222149,13.454616,7.262687,9.522867,6.25908,5.958388,8.92992,11.698541,10.349439,5.970594,6.321768,5.938705,9.315971,12.266046,10.536207,9.367503,10.310504,10.160787,10.679614,10.700135,8.014538,10.217027,9.383592,8.300705,9.442258,6.333142,8.723115,8.440547,8.395035,10.777585,7.668681,11.236508,9.906637,8.79811,9.664374,12.276721,8.826304,9.218636,9.37189,10.982793,9.642108,8.341985,6.972983,10.210609,10.066322,8.834124,13.066893,10.356759,9.344367,9.270549,9.526664,7.792378,7.693568,9.859556,8.100724,7.569617,9.64843,10.73299,7.896309,12.610964,8.998139,10.543614,12.868749,10.147894,6.380838,6.963296,8.414877,8.045172,8.946144,10.59359,9.094398,8.487497,11.490052,9.153044,9.523479,7.698505,6.480175
6.144934,13.921777,13.241082,9.149014,12.417058,8.823252,9.839338,12.996833,9.261228,6.239115,9.712253,13.115665,6.484699,8.693588,12.563557,14.81311,10.402819,7.678049,9.045057,12.98398,11.604059,10.289761,9.758986,8.664984,8.930324,9.491346,9.284722,7.426784,6.015465,8.337465,9.831888,6.310159,9.552023,8.786886,5.904157,9.656845,11.201903,6.101842,8.3608,9.903881,8.546773,8.222439,9.195773,8.537491,9.320103,8.778929,10.379996,9.952091,9.384743,9.517466,8.484404,7.37246,9.605122,7.164293,9.822553,8.145119,7.918239,8.247344,10.466746,8.553972,9.000743,8.816994,9.527624,8.182687,8.632884,7.717889,8.486841,8.533451,9.849063,12.831726,8.838318,7.973285,9.264179,9.846021,7.206032,7.622314,7.615312,8.686498,10.655605,10.00919,9.47849,9.906075,12.401683,9.025455,8.910797,13.167347,10.05565,6.394063,7.656354,11.303438,7.959143,8.966463,13.748403,9.273875,8.950838,9.803084,8.443577,7.484213,9.774834,6.935778
6.161785,13.891326,13.106703,9.528342,12.211554,14.975468,9.500838,9.059294,14.283756,12.866172,14.091732,12.744083,10.967447,14.204089,13.017753,14.357405,10.392856,11.360652,6.381224,11.891707,6.189368,10.561804,9.971065,8.943468,8.898754,11.283133,8.782821,8.239533,6.052672,11.707164,10.889353,8.104559,8.518701,6.275025,8.575434,6.436593,12.031594,6.131129,8.808521,10.270708,7.856279,8.911174,9.567456,7.934909,9.620193,6.312037,9.306693,10.183641,6.471326,9.4767,7.531345,10.530156,11.373089,7.195285,9.538542,8.480342,7.263349,6.222355,10.824608,7.878829,9.338705,9.238861,10.569823,7.384913,8.336234,6.655221,9.242025,9.615504,8.546159,13.536416,9.018503,9.150151,8.453101,8.916796,8.755496,8.201574,9.831454,8.265144,9.426458,10.561838,10.041485,6.605003,11.852399,9.119916,7.786819,12.951288,9.330169,6.058411,6.633655,8.465462,6.86412,7.238258,13.516872,9.097887,8.834822,10.12456,7.752349,8.663349,9.151979,6.319917
6.081375,6.47337,6.113712,12.452678,5.942315,14.010174,15.436991,14.193572,12.480141,7.231006,12.988663,6.141216,9.619131,12.411927,6.189815,14.629915,10.885327,10.371465,12.168244,12.413182,8.742782,7.380075,5.922639,10.41098,9.740916,12.216139,6.076084,6.370106,5.9664,11.754744,7.613161,9.272915,8.269494,9.490278,5.947767,6.326162,11.483142,6.479387,8.346354,10.415905,9.157878,8.501448,7.688049,9.953747,7.30831,9.418687,8.636468,9.826618,8.903029,9.887959,7.746643,8.923053,8.725056,9.706817,8.935527,6.91562,5.636722,8.18839,10.253172,7.672431,8.976482,10.660415,9.136901,6.888163,9.529499,9.340546,8.29597,7.400484,10.338396,13.83919,8.756236,9.031722,9.533416,10.635433,8.031624,8.403506,8.437056,7.136684,10.479737,11.574907,8.807332,9.219002,11.887805,9.023465,9.043965,11.042664,8.774245,8.221159,8.334221,11.665986,6.761569,6.908377,12.346074,8.503673,8.605057,9.69217,8.539281,8.687677,7.927776,8.792593
6.258745,14.014307,6.058297,6.390219,6.073577,6.215545,6.828864,6.453973,6.066913,14.40371,10.836848,13.35327,6.396118,12.605937,6.250692,14.283988,10.922977,6.120318,6.130595,12.133655,12.126323,7.167792,6.107833,8.559088,9.029757,8.675124,6.141213,6.679019,6.092199,11.208005,8.633733,8.103183,7.965153,6.251615,5.902366,6.263554,11.942011,6.145419,10.360537,8.314662,10.901505,6.7516,7.682928,8.688476,8.396671,9.066389,9.67806,8.723672,6.745575,12.120252,8.924654,10.587458,10.803607,8.824193,9.498467,7.401995,5.746592,9.483892,10.332482,7.757008,9.142912,10.797336,11.320069,5.939293,10.063972,11.619511,6.754842,7.647687,10.898342,12.269849,7.352117,10.493042,9.03493,10.296946,6.124282,8.912559,6.195855,9.431455,11.110368,9.985863,10.7137,9.15881,13.469649,9.054128,7.915124,10.335107,7.016315,5.956473,6.142218,9.072329,6.530578,9.42564,11.736053,6.974945,11.350881,9.710923,7.893128,7.28725,6.131133,6.075753
14.024412,6.38418,13.007923,6.346139,12.503395,6.221318,6.911418,6.462702,6.11068,10.892207,14.047063,9.630285,6.377704,14.498585,6.302643,15.517049,6.148213,6.110925,5.927941,12.447706,6.373785,10.808282,10.080615,10.134349,11.063074,9.404286,9.581683,7.421386,6.048568,8.970566,8.328221,7.391887,6.077667,6.18091,5.997368,9.003844,11.364618,6.205877,8.942177,10.030685,9.173583,8.225227,9.021515,8.306899,10.161939,7.822989,10.184452,9.741996,6.755435,8.246246,8.316016,8.829749,9.862864,8.806144,10.231701,8.851036,8.781803,9.877652,10.955759,10.213424,8.93417,7.684619,8.748732,6.153294,8.683969,7.617155,9.664326,9.46817,8.271573,8.162559,9.433217,8.33567,8.679668,9.930579,8.549716,8.406782,10.181285,8.489037,8.908887,9.35337,10.13869,9.568283,11.820576,9.600809,9.566971,12.835445,10.152002,6.044463,8.438284,11.022412,9.293113,8.350001,12.029277,8.15683,10.987085,10.263996,8.116948,8.631213,8.52237,7.016459
14.27947,6.309499,6.223846,14.385391,6.027652,11.092802,14.823264,13.9712,10.809866,9.658511,12.852915,12.491657,6.935504,13.280977,14.500933,14.112672,10.375579,11.600085,8.072048,10.861623,7.515548,9.816787,6.247436,9.765015,8.819026,11.493848,6.150594,7.743513,6.072604,11.388183,8.930552,6.714714,7.13655,9.160177,6.054969,6.282714,7.233455,6.300403,9.48774,9.163635,8.259828,8.181314,8.961926,9.020351,8.873246,8.000593,8.328989,9.568663,6.57571,7.627168,7.652204,7.539193,11.146569,9.366046,10.435691,6.827338,5.79648,6.614712,10.330458,7.628489,9.449866,8.892436,11.182784,6.362649,10.171661,7.771307,7.82254,9.275843,9.11689,12.206956,9.94601,8.791903,8.106755,9.202348,7.132471,8.571167,9.824518,8.582232,10.585293,9.434,10.010256,8.688788,11.538,9.597476,7.870774,10.30524,8.602763,6.941405,6.132317,8.578763,7.412281,6.731099,12.832072,9.011035,9.122832,9.670516,7.268508,9.829336,9.022829,8.119426
6.357918,6.201452,13.050673,8.562774,12.161499,11.906126,8.951442,13.90259,8.315331,6.339845,7.54237,6.04022,7.922741,8.370378,6.254484,8.724314,11.599854,10.657701,12.179535,13.276627,6.258425,10.623504,9.349381,7.010939,9.678902,12.196309,9.524484,7.464389,5.979448,8.066627,7.851033,8.615142,7.718472,6.349853,5.888201,6.449065,10.983906,8.328112,11.565864,6.658271,7.788431,8.803972,7.671004,10.372851,9.687814,9.339874,8.574147,8.747586,6.954274,10.801315,10.824653,8.642257,10.331111,7.680245,5.991767,7.632053,8.604565,9.388638,10.631308,6.638399,9.678914,11.057947,11.121139,6.102857,11.395381,8.130678,7.837441,8.646806,10.939463,9.137347,8.528204,8.668731,6.169496,10.05168,6.621378,9.551959,7.073533,7.620975,8.593639,9.918063,10.917122,7.343615,13.287405,9.308227,9.878119,12.903495,8.619043,6.170912,6.51738,8.396132,8.704169,6.348026,12.348284,7.771015,9.579292,9.997625,8.505275,9.053519,8.009629,6.823142
13.771162,13.756796,12.904963,15.489318,12.332745,12.374149,8.805099,14.497101,6.249731,6.732771,14.921208,10.266341,6.336939,13.832504,6.226468,10.203999,6.257898,9.662497,6.02384,10.275083,6.086246,8.958096,8.877526,9.887524,13.347452,11.300768,10.099033,6.400206,5.999794,11.341074,11.144833,9.809445,6.313577,6.157412,5.934327,6.305395,10.641925,6.045123,9.612466,8.341314,7.192095,6.332437,9.073544,8.585076,8.676733,9.565118,8.976524,8.455408,6.848707,11.348348,9.448976,9.750972,10.192428,7.439316,5.987439,9.242187,9.485883,8.717507,11.715476,6.583722,9.471206,9.819865,10.510973,8.18081,7.316132,8.609267,8.514544,9.476906,9.34294,12.162613,9.061496,10.666441,8.715514,9.9425,8.351356,8.6565,6.892883,9.340244,10.028841,9.839724,10.913871,7.951061,13.135318,6.401219,8.588166,12.743033,8.925443,6.224078,9.184271,7.699609,9.89877,7.712222,11.949799,8.251137,10.951985,11.034175,9.099948,7.886061,7.597668,6.599207
14.359414,6.12464,6.073134,12.360837,6.113094,11.72745,6.484394,10.379598,8.565585,6.23592,6.418851,12.821814,6.294153,6.43248,6.203904,8.894999,6.613629,7.674154,8.971938,12.282861,6.234627,6.056118,5.989077,6.561776,13.001839,12.387748,6.002367,6.085102,6.055388,8.5369,6.733454,6.500582,10.968512,6.37457,5.910815,9.229139,7.764674,6.184194,12.614958,6.151175,12.176426,6.223656,6.167271,10.235872,6.519569,6.196688,6.056413,11.563036,8.407997,11.616923,10.862677,11.575374,7.999173,10.770374,8.869718,6.508146,5.641489,5.870787,10.84961,9.901985,9.350418,12.20608,9.137222,5.863947,6.420242,6.321405,7.351935,6.984676,9.812555,12.943359,7.159383,11.347383,6.00934,11.270754,6.478134,8.885639,7.27111,12.432349,10.19523,7.367748,6.494144,7.330764,10.764164,6.221357,11.197022,10.997239,7.721603,9.615158,6.024861,8.878366,8.430781,6.009734,8.713238,6.43767,10.707706,10.183071,6.119296,9.729374,5.807883,6.034946
13.677428,6.201045,13.153412,13.091331,12.295652,12.148956,15.892064,14.027476,10.65223,9.040896,11.276349,9.320347,8.54077,11.148021,6.684619,14.679916,10.783924,11.31749,7.639924,11.772412,6.4271,9.866576,10.467508,9.000815,10.730474,10.663154,8.697319,7.562082,6.063783,11.500471,9.88589,6.51249,6.881924,6.416355,5.967201,9.170387,12.298688,7.443106,7.025374,8.985916,7.496354,9.487883,9.265798,6.473938,9.142176,6.579715,10.746247,7.97033,8.911765,8.017639,7.049319,7.547648,11.20367,6.465212,8.159312,6.561743,7.567352,8.318266,10.094498,7.501983,10.055907,7.387087,11.888723,7.603888,8.990959,6.350207,8.414593,7.546344,8.491349,11.683723,7.392385,8.512172,7.672036,8.670826,7.451283,10.159121,8.41959,6.743642,10.162543,9.566312,9.16012,7.122859,11.999864,8.115871,7.899846,12.928912,8.427504,5.920828,6.071671,9.743235,7.740135,7.132184,11.658713,8.712843,7.434946,9.507851,8.206004,9.52037,8.816108,9.199793
6.182484,13.834354,6.115215,6.703439,6.098357,10.772384,8.747699,8.01056,10.161347,6.89262,14.605257,12.887482,15.02134,14.447011,6.217675,11.490023,10.346231,9.520316,6.337759,10.96366,6.492239,7.613841,6.044481,9.023079,8.899199,11.237231,6.06496,6.406304,5.991955,12.158664,7.822764,6.649313,6.947575,9.798668,5.974416,8.982003,11.932633,15.222824,7.958761,9.606092,6.894041,6.89269,8.755334,9.0938,7.278325,6.582821,8.969245,8.83263,6.841448,9.171163,8.275863,8.532876,10.666454,8.578022,9.49614,7.318696,5.774169,8.537936,10.589562,7.849503,8.936409,9.833221,10.836772,6.275743,8.935978,7.930262,8.886212,8.073682,9.723771,13.238106,9.4259,9.830315,9.554369,9.595029,8.261864,6.05289,9.213391,8.83836,9.200303,10.257468,9.67816,9.505069,11.315019,6.5382,8.605134,10.29046,8.641682,6.191083,5.991586,9.632907,6.845528,7.46534,13.691183,9.607502,9.119776,9.886239,6.806347,8.385149,7.532976,6.263737
6.268592,6.542632,13.429304,15.943495,11.247996,11.664471,9.685555,14.979638,9.380764,6.300664,14.027242,6.031846,7.712418,12.316004,6.348668,14.302812,6.382383,12.273166,6.106031,13.448652,7.079677,11.492408,10.162872,10.473093,8.928855,6.626371,9.853668,12.497536,6.102899,12.507949,10.848864,7.92739,9.248959,9.385678,5.840589,9.159252,12.394016,7.206988,10.104376,9.403432,8.74867,10.984067,10.662073,6.797529,10.694459,7.948339,10.047131,10.172663,9.772237,9.179906,7.051842,9.038586,9.825125,8.068485,10.452737,10.833386,8.806972,9.469799,11.037068,8.961667,10.199565,8.855688,8.05384,9.160561,7.89414,7.852026,10.142147,9.5651,9.284254,8.272152,9.365271,9.330518,8.189668,9.108373,9.681913,8.334589,8.930751,9.966076,9.544148,9.406478,8.222243,8.963864,11.006016,8.770755,8.705994,13.176561,8.889453,8.746745,7.762731,11.161795,6.94161,7.217333,11.517256,8.45151,8.252486,10.327664,9.422363,10.593053,8.105416,6.180251
13.981254,14.046307,6.087043,12.579638,6.077181,12.85029,13.557965,13.520354,11.667142,6.721357,13.635219,13.051026,8.266407,13.689337,6.454535,10.40688,6.024533,9.898386,9.098339,11.90161,7.616312,12.295268,6.089581,9.641639,10.592112,12.026133,6.071005,11.167943,6.182657,7.903074,11.350124,7.605035,6.418487,6.882639,5.979849,6.38551,11.711107,7.255487,9.818581,6.311728,8.401329,10.865104,9.330982,6.900619,11.452598,7.047676,12.541217,9.824175,9.177443,8.203773,6.798507,10.122272,12.893564,6.848556,8.020027,8.688225,5.687045,8.001214,11.031873,6.26909,7.038837,7.913585,11.378961,8.989863,7.344466,7.190709,9.389903,9.516978,7.748599,13.498496,9.435706,8.043583,6.115292,7.103742,9.559793,8.169358,7.64556,7.07143,8.466126,9.554343,9.148389,7.268391,10.998295,9.52786,8.467808,10.075398,8.416018,8.975649,6.749696,8.984374,6.688423,8.408335,13.79654,8.311186,9.434317,10.399134,8.389837,8.86155,6.932901,6.374984
6.170597,13.916791,12.545149,15.273791,11.901041,12.765274,11.927945,15.151487,11.34954,11.780774,14.364762,13.681717,13.141992,13.528947,8.440449,14.044992,9.920242,13.932457,11.221073,12.50553,8.927499,9.664119,9.125605,8.66722,8.588771,12.065169,9.348633,6.454605,6.100137,11.158263,8.119247,6.781298,6.40431,7.629264,5.97095,6.449279,10.370054,7.166769,8.811857,10.07567,7.656897,8.390842,8.025282,8.249415,8.407595,7.33956,8.672484,7.571147,6.69602,6.766551,8.498998,8.703368,9.938857,7.546434,9.472508,7.31728,8.264323,7.881792,9.945876,7.322072,8.756376,8.325272,10.853955,6.279956,9.296214,6.721597,7.484867,9.005267,9.526025,11.924707,7.499691,9.343148,9.029896,8.727476,7.933208,7.014851,9.457875,7.790832,9.28886,10.21874,8.412772,8.315191,11.468769,8.436533,7.582121,12.434761,7.795087,6.82369,6.642215,8.528838,7.494842,7.545626,11.408584,9.045899,8.496428,9.214171,7.384319,8.583098,8.763834,6.274171
14.019246,13.96423,6.186742,15.009863,6.124476,12.943024,11.76689,14.57171,11.203786,9.026403,13.829112,11.164132,10.979708,14.171037,6.970771,11.43722,6.258925,10.358902,9.448581,10.599094,6.846515,8.180018,5.967649,9.290405,13.730838,11.153272,6.134858,6.593146,7.906412,10.548431,9.025353,6.202451,6.690147,6.363413,7.049027,6.323765,11.979945,8.586912,8.014122,9.239807,7.503827,7.641734,6.730883,8.700533,7.75973,9.386727,8.249944,6.202334,8.529703,7.508193,6.978421,7.790642,10.203817,6.910428,9.81112,6.577854,5.778172,6.38277,10.321492,6.603433,9.498026,9.227263,11.043365,7.123801,9.092977,7.539454,7.858624,9.088711,8.656215,13.72081,6.699629,9.810243,8.477412,9.226589,7.925914,8.400823,7.966962,7.162487,9.770402,10.070698,9.650852,8.199269,10.850203,9.640804,7.65527,10.382353,8.762179,7.684122,6.139839,9.083231,6.699861,8.372462,10.794488,8.855713,7.95761,9.69148,6.590396,6.783781,6.840223,6.48132
13.8359,6.054669,13.007656,6.404182,12.178113,7.082678,9.395266,7.300705,6.089438,9.653228,11.014232,12.668664,15.874625,12.970399,6.180249,10.313253,10.020917,9.690682,6.400199,13.430941,11.55744,12.076205,9.146424,9.591877,8.48861,7.983072,9.326416,7.051547,5.998703,11.605928,9.492445,7.534168,8.711251,6.474117,5.899967,6.290816,11.375158,8.851208,8.970226,6.297835,7.888722,9.361174,8.822865,6.375279,10.818563,6.33249,8.230675,6.338633,6.661846,6.766179,7.104987,8.617722,8.654396,6.43687,10.066355,9.213655,8.207078,7.436545,12.047773,7.889864,9.665037,8.339769,7.836883,6.756767,6.322627,5.827425,10.239986,9.891914,6.729726,12.47336,8.74933,6.330042,6.004975,6.226887,9.972672,9.227506,9.795237,7.080268,7.772874,8.67765,9.989689,7.552149,7.934233,8.487615,8.935236,12.838411,9.988487,6.204149,6.771996,10.02551,6.116699,6.32272,12.808453,6.391814,6.736646,11.314674,6.426402,6.96963,9.467325,6.157753
6.173907,6.735025,6.134234,14.784497,5.969096,11.000014,7.920293,9.109056,6.148302,6.23617,14.372028,6.01109,6.356094,15.308871,6.283197,15.142469,6.325112,9.459214,6.115002,10.305143,6.1017,11.804126,6.048982,6.940699,9.306939,11.071397,6.040142,7.624752,6.001989,11.943695,11.44497,7.861402,6.844925,8.399884,5.966384,6.37477,7.178525,6.308743,9.950864,10.467533,9.735363,10.134482,10.103641,6.331112,10.587965,7.676148,11.118001,10.377853,6.429395,8.116812,6.532183,7.989217,11.27029,6.455134,5.951882,9.320118,5.700726,8.256586,11.689823,8.108016,9.305137,7.913165,11.859094,9.239175,8.701232,7.732373,9.780658,10.597929,8.020865,8.944747,9.30086,7.710597,8.172389,7.294739,9.313991,8.051548,7.943852,8.314766,10.623367,7.279,11.001045,7.607609,12.685099,8.934376,9.001711,10.427245,10.665334,6.796315,6.047118,8.396511,7.859951,8.062183,12.168105,7.553377,8.479122,10.950132,9.287157,10.173212,8.358414,6.228075
14.796569,6.175761,13.133518,11.737529,12.224629,10.604622,12.101834,11.164139,9.963237,6.477919,10.370974,11.038081,8.426124,11.301313,6.803769,14.530331,6.193894,9.319612,9.765328,12.74832,6.62136,9.129037,9.579632,7.4479,13.646948,13.101823,8.954401,8.730793,6.102215,11.565008,10.822635,6.193127,7.851726,7.072103,5.980581,6.200256,11.049729,6.422273,9.535737,7.624572,10.105652,9.814708,8.110505,8.462898,8.467199,9.048163,9.106259,9.203203,6.994292,7.352801,9.263481,8.197354,9.217177,8.097031,10.448978,7.851801,7.481165,6.251709,10.286823,7.736504,10.17616,8.334454,8.703755,8.784423,8.107879,8.692123,8.83737,9.473075,9.505275,13.236351,10.043762,10.558982,6.622372,9.792959,6.927443,7.618482,7.660232,8.518439,9.12535,9.139229,8.193755,8.12691,11.339133,8.57827,8.95677,12.928746,7.670548,6.118163,7.943458,10.866959,7.455602,7.055108,10.778338,9.157077,10.239308,9.613321,6.722859,8.213249,10.19816,8.327574
14.229676,6.154063,6.114861,10.941361,6.079842,11.617003,14.868551,12.167311,10.672292,15.291026,14.637208,13.036274,8.135313,14.04892,6.208397,15.824654,10.739989,7.468936,8.703281,11.508963,8.75822,8.322973,6.06237,7.357185,9.383079,11.723966,6.132058,7.612315,6.095911,11.67557,6.884438,6.728313,6.462074,8.916098,5.978884,9.627494,12.111832,6.040547,10.669068,9.639728,8.266634,7.069976,7.24897,9.007401,7.649373,9.240123,8.553603,8.781921,7.748016,7.900735,8.660525,8.248618,9.142135,9.474204,9.840052,7.642258,5.817558,7.634655,9.548031,7.447698,7.903551,9.700165,10.582978,7.24631,9.687265,6.430528,7.604797,8.751773,9.720649,12.96911,7.398073,9.83125,8.867874,9.476813,8.394614,8.287341,8.775709,7.211149,7.722911,8.882144,9.669673,9.88806,10.940311,8.021291,7.089075,10.800554,8.183163,7.457847,6.127099,9.052915,9.228201,6.626702,13.204907,8.860099,7.10672,8.930608,7.46112,10.58308,7.176107,6.824741
6.277596,13.914446,12.949387,6.341517,12.387523,6.148306,15.759453,6.320564,6.120422,6.34192,12.76708,12.773209,6.386133,13.417904,6.252959,14.198358,10.311516,6.157126,6.160481,6.316729,11.274745,9.603602,9.58906,9.159008,8.770587,9.547901,8.57836,9.072556,6.053664,12.161363,10.435817,6.090368,7.370628,10.441004,5.99077,6.311351,11.007532,6.203906,7.744651,6.302555,7.189722,8.940031,9.91657,6.022351,8.773159,8.908878,8.662402,6.023218,7.683762,7.226043,6.663614,6.439058,7.726207,6.365284,10.090344,8.795224,7.249619,8.434659,11.555389,5.956191,9.692217,7.459391,8.134173,9.285929,6.346841,6.934989,9.995353,8.481052,6.305692,13.843269,8.64262,7.446039,5.86682,6.813988,9.823206,7.358851,9.505906,6.394682,8.737031,9.375379,7.416831,6.673298,11.115805,9.497474,9.324371,12.880823,11.062931,6.007926,6.110155,10.689343,6.091175,9.325239,13.476126,7.738234,7.711367,10.893715,6.668228,8.720098,7.301212,10.757562
14.510595,6.105499,6.137805,10.608299,5.992739,8.940321,16.036912,10.352136,7.654033,6.292368,11.846702,9.947904,7.215542,13.217899,7.788184,15.081677,6.097914,6.845513,9.184082,7.424877,7.184024,6.863751,6.045533,6.350342,11.528213,11.361903,6.018774,6.612539,16.06048,11.372537,8.04233,6.157423,9.554494,6.397281,5.967929,6.323185,12.167585,6.208143,7.215036,8.639049,6.249325,8.176478,6.324984,8.810226,6.882732,8.905078,9.355713,11.077866,6.427604,7.834641,7.743403,6.870982,10.606596,9.22957,9.080405,6.373876,5.913257,9.23139,7.366191,6.595545,6.683432,7.621289,10.707137,6.039504,8.430045,6.471361,6.753056,6.605074,9.346509,12.569841,7.233415,7.76886,6.815232,7.960677,8.750542,7.482188,9.846121,6.800279,8.926493,9.665084,8.172829,9.297513,12.30589,6.554714,6.584343,9.831891,7.47929,6.434357,5.981647,8.664858,7.017219,6.495731,11.195264,7.451503,7.729575,7.203017,7.470393,9.17803,9.096809,6.969595
14.364113,14.242814,13.397569,6.314235,12.670052,13.439103,13.072933,10.347909,6.227234,9.64959,13.444759,14.186615,6.716219,14.251276,6.286392,13.181499,6.095171,8.742238,6.131074,10.068817,6.306915,7.452249,10.238173,12.065197,11.250657,8.920342,9.298371,9.513708,6.054258,12.161215,9.705372,11.533753,6.917957,10.645464,5.895601,6.305323,12.820688,6.161861,11.62842,8.064798,9.171606,6.435765,10.622558,6.295933,7.392222,9.269553,10.723525,10.511487,9.974144,9.513436,6.76409,7.767179,10.689646,6.826747,9.749076,7.133427,8.571471,6.107088,11.311826,8.513971,10.042998,8.584653,11.161677,8.334694,7.601372,5.786385,9.41691,7.52064,10.206445,11.667853,8.594461,11.204768,7.027436,9.175448,11.255486,6.995141,10.452729,6.418101,6.892864,12.508883,10.105862,6.067429,9.681409,6.204141,6.995089,13.138245,7.647079,6.176737,6.016377,9.524025,6.69195,7.570729,11.038163,9.005787,7.830684,10.590843,6.1898,9.501735,8.817512,6.576448
13.276191,13.589293,6.043575,6.335068,6.160574,13.818637,14.438582,13.64827,13.183942,6.18571,9.35691,13.304953,6.477686,11.799073,6.431664,10.566396,6.022803,10.905297,6.001243,10.73011,7.105649,6.20822,6.044671,6.084269,10.080223,13.408022,5.970535,6.555332,6.058627,12.337705,8.778842,5.872668,10.879328,6.295518,5.957088,8.510968,12.494882,6.131233,9.103658,7.207209,10.276165,7.804746,6.333142,11.674422,6.906775,10.661941,7.096521,11.871864,8.897856,7.702873,6.541955,6.852103,7.96433,10.721133,10.152283,6.7544,5.770104,6.118362,6.501047,8.759247,7.271957,10.15831,11.986768,6.030836,10.557944,7.781957,6.423135,7.667778,7.443624,11.11943,6.86451,8.353401,7.304147,10.559537,7.39812,7.706608,10.084488,7.728934,9.273299,7.995804,10.639386,10.202322,12.299842,6.366266,6.321181,10.770288,7.005768,8.125074,5.975445,8.426358,9.747388,8.802837,9.669803,7.196982,7.030141,6.714524,6.061729,8.821618,6.408467,6.26043
14.075051,13.936603,13.081471,6.40005,12.399654,11.494741,7.795433,11.860973,6.185107,6.170984,6.347219,13.15765,6.430347,6.214448,6.22966,9.81988,6.00503,9.373552,6.15906,13.347015,12.246237,6.267989,9.837991,7.004737,10.970877,12.143332,9.087113,6.829199,6.15169,8.766216,7.315108,9.229145,5.858486,10.043945,5.913545,6.118253,11.820622,5.991637,8.1353,10.963086,6.079783,7.038923,6.354554,11.118407,6.628443,6.344191,6.72141,7.536367,8.187211,6.525503,7.223616,8.337447,7.373234,7.920145,9.03084,6.507331,7.758679,6.671685,7.513663,6.09291,10.447546,8.243572,10.650202,5.973953,9.478706,6.270573,6.906545,6.799514,10.759873,12.362245,7.073226,10.07576,10.017019,10.322372,6.676791,7.068762,11.348722,7.838718,7.336734,10.325563,10.57286,8.119086,10.006682,9.663818,6.557757,12.823157,6.536096,9.436651,6.281245,8.81412,9.709041,5.87402,13.685783,10.583054,8.281317,7.268617,5.983035,9.323801,9.211824,10.249776
14.42096,6.152154,6.064271,7.301741,6.067595,10.893332,12.772197,7.600848,12.027366,10.709628,12.420982,11.264968,9.673609,12.819505,6.19752,14.343989,6.128594,12.331779,8.228279,12.74208,9.780127,8.184843,6.057906,7.920974,13.884832,6.717344,5.985846,6.660566,6.03764,8.569636,7.930002,6.479882,6.886694,6.831494,6.064402,8.234014,10.788696,9.332623,7.754501,6.926484,8.007652,8.381788,8.124885,9.238689,7.850453,6.977328,10.292814,9.018763,9.316258,9.024975,8.768041,8.024066,10.767602,9.127741,6.047119,7.01749,5.752178,8.725553,9.200196,6.790701,6.108907,9.124324,10.645273,6.443336,7.938831,7.987621,8.116382,6.693913,9.456577,12.380919,8.844901,8.6895,6.382945,9.427081,6.555992,8.152962,9.373817,7.925571,8.064438,10.542575,7.765539,8.390858,12.001407,8.514758,7.53566,10.303262,8.353554,6.279344,6.226286,9.050047,8.269144,7.114943,9.351155,6.884466,8.572743,8.507924,7.091326,7.663442,7.630611,6.878548
14.66023,8.836469,8.292221,6.666836,7.238485,6.209201,7.144575,7.067136,6.243877,6.133484,7.290824,12.900514,6.326859,8.227071,6.307412,14.154055,6.514256,8.43199,10.795057,12.665086,6.64494,8.930883,6.271962,7.231563,10.441008,10.796064,6.285288,9.322728,6.078298,11.596477,7.604527,9.348504,8.416969,6.461767,7.523612,10.963096,12.489353,6.118292,9.874595,10.292249,8.501349,9.875259,7.828607,10.78428,8.519597,10.506639,6.796418,8.142193,9.538027,12.103853,9.586676,9.691031,9.004819,9.816492,9.455648,7.858462,5.844291,9.863776,10.538462,7.410448,8.424026,11.995025,10.458971,7.981037,10.86535,9.519601,8.601817,9.426069,10.495723,13.031997,8.608374,10.538711,8.67785,10.980963,7.791363,10.712955,6.627769,9.912439,9.49926,11.472633,10.535298,9.566548,13.227015,9.820865,9.095741,11.049335,7.310206,6.092902,10.628426,8.390594,10.631443,7.643997,12.583121,6.46577,9.184858,9.745433,6.879778,9.488279,6.967934,7.843987
14.185674,6.257052,13.605436,6.402386,12.709139,7.078211,8.955632,7.63564,6.946603,6.555506,7.908226,11.191461,6.36874,9.037913,6.185735,14.53963,11.146972,7.890787,7.040705,13.255616,6.163506,10.694664,10.456826,8.895906,13.714325,12.444596,9.517947,7.632055,6.244229,11.854557,11.502501,6.654154,6.452469,6.26514,5.937795,6.2949,12.714608,6.072651,8.855091,8.977108,10.922953,8.683324,10.080642,8.138932,10.103115,6.084513,10.342995,10.678635,6.740411,9.865492,9.846685,9.491294,10.374603,10.15851,11.107031,11.400088,8.676603,9.124745,10.845406,8.151897,5.866457,9.760974,9.4723,9.205384,10.702568,7.417871,9.314294,9.166793,10.163855,13.189671,8.500489,10.520072,8.504273,10.961829,6.800669,7.182765,8.676564,9.455724,9.705768,9.723679,11.016127,10.637793,12.704422,9.23553,9.993093,13.463887,9.879227,9.136368,6.166816,10.501844,7.898227,8.960164,11.799288,7.140957,9.880516,10.227963,8.704045,10.89863,9.033049,6.277669
13.757401,6.187037,13.328541,6.330829,12.105614,6.156585,6.733696,6.406617,6.147307,6.063277,14.132086,10.463216,6.339402,14.124452,6.298347,14.665246,10.888432,6.119069,6.147662,6.157018,6.063127,6.552743,9.928664,6.651998,13.175025,11.953158,9.728612,6.764268,6.039598,12.39702,6.861064,6.741808,8.088395,6.192215,5.944001,8.926995,13.066234,6.08613,6.859001,8.304782,6.238105,8.966173,6.567982,7.919549,6.833363,9.046176,8.584064,6.419062,6.781687,8.079912,9.506483,10.860912,7.601605,8.108051,9.581602,6.519241,8.925477,9.025495,8.017718,6.101053,8.967738,9.528213,8.741724,6.101145,9.271161,9.6189,6.458235,8.386181,9.3219,11.577774,7.234874,9.873224,8.047385,10.366919,7.484724,5.998783,7.646551,8.438012,7.147699,12.069561,7.1993,9.744145,11.906665,8.987514,7.147423,13.053813,7.438327,9.40253,8.15172,10.817447,7.977521,6.863013,11.431766,10.437381,7.187762,7.565389,6.268583,8.448073,8.12049,6.376425
13.509542,6.164235,6.172722,12.564069,6.014521,13.051917,8.710394,12.568129,11.661161,6.215253,13.028344,9.087727,9.992529,13.766335,6.246764,12.314003,10.229881,11.614218,6.59909,12.168577,12.27215,10.784726,6.045363,9.351822,10.9926,10.358022,6.018082,8.456844,6.044402,12.287372,9.474342,6.821597,8.345306,6.247129,5.992171,9.420701,12.41628,6.164472,10.050054,8.465875,9.184123,8.6401,10.295846,7.671788,9.814182,10.244321,7.459687,9.844034,9.112396,9.531468,8.348812,8.057263,8.431165,6.594382,11.604215,7.407082,5.774409,8.228812,11.946385,8.642631,9.955616,9.9043,9.722009,8.108416,9.141538,7.812533,9.905818,10.162762,8.17419,12.038436,8.137081,8.832746,8.329444,7.882916,7.746833,6.92555,7.120804,9.770358,9.41348,10.850338,9.690963,7.960543,11.142387,8.942181,9.503168,10.647349,9.387645,6.080294,6.764615,9.927151,6.648097,8.114499,11.765481,7.875281,9.081609,11.240176,6.865154,9.522602,9.894254,6.047681
14.783854,6.155586,13.439871,6.33488,12.325807,6.127884,9.234652,6.608988,6.20515,6.266277,13.555735,10.755417,6.559432,14.666861,6.259232,14.238243,6.062633,6.14359,6.384275,6.275413,6.011302,6.325619,10.416523,6.132515,11.914137,11.621819,8.568122,6.688404,6.33614,8.63593,9.101825,6.125917,11.008614,6.266674,5.887728,9.377949,11.522863,6.23601,9.426244,9.508016,9.897171,7.09627,7.572711,9.528892,6.852042,6.275249,8.200871,8.208741,8.739097,8.748747,8.262245,7.424592,10.070856,7.714406,9.7725,7.149222,7.398767,6.160317,7.989102,9.672863,5.98694,9.681598,11.114601,7.007169,7.523708,8.434279,6.637497,7.463095,8.156845,11.741312,8.842971,10.694715,7.739855,10.29039,6.373178,6.481684,9.837014,7.747084,10.528164,8.57144,10.97723,10.812532,11.982078,6.633718,7.447901,13.158285,7.191011,6.06619,7.273513,8.488897,9.265835,6.832713,11.614166,8.166893,8.096071,7.762056,6.18205,6.673895,10.09146,6.691526
14.249971,6.311329,6.136509,7.860892,5.877058,6.978081,6.868038,7.94816,6.365339,8.575702,13.326149,12.995094,12.790627,14.562206,6.218095,15.092355,6.296264,10.493237,6.545258,11.518435,6.93444,9.961111,5.992201,7.102786,8.352887,12.648677,5.959774,9.217501,6.047527,8.609739,8.871505,6.191084,8.816886,10.129553,5.914419,6.260278,11.252919,6.087389,12.27438,9.952212,8.704027,9.521733,8.954469,10.633424,8.818143,10.338203,9.096392,9.501003,7.227887,7.727336,7.742174,7.95972,10.02475,10.61312,5.956225,7.522853,5.731161,6.366168,10.18313,9.382432,10.406065,9.18999,11.826406,6.470168,8.108503,9.121195,8.493481,8.323018,9.219071,13.597132,9.327966,11.008787,9.266882,10.838921,8.634234,6.704139,11.245244,6.889108,9.815185,11.333928,10.47102,8.834367,12.792244,10.360431,8.787137,10.785351,8.048479,6.177743,6.100887,9.106483,7.683121,6.670695,12.764141,6.428841,8.409975,9.574067,6.76533,9.96961,7.27103,6.837061
13.5662,6.099562,6.175407,8.126117,5.837577,8.846116,9.338787,11.026083,10.571277,6.472467,14.406134,10.549949,8.112657,14.654338,6.291973,14.984118,10.778394,12.313772,6.523422,11.72679,6.130383,9.762223,6.040468,8.131627,13.130099,10.76817,5.964112,7.428872,6.068353,9.089926,11.76981,5.934448,6.069401,6.441635,6.245054,8.789358,11.59991,6.15941,8.111355,7.262111,7.73784,10.808332,10.383183,6.228333,9.18308,6.529153,7.552005,10.918728,6.441469,7.611991,6.688903,6.511447,10.158314,6.30355,11.272811,8.039125,5.680312,9.996783,11.738964,8.175832,10.998078,7.834863,10.980209,8.643961,10.44596,6.133734,9.025576,8.845526,6.938144,12.558496,8.833843,6.782228,6.562185,7.549411,10.087636,8.516156,7.951481,8.174181,8.20373,7.825934,10.776837,9.105812,12.218713,6.824223,9.574218,11.106223,10.664846,9.135332,7.329782,9.645948,7.16768,9.249562,11.158895,7.957576,8.662023,10.966415,8.429115,9.136933,10.288354,6.270877
13.463558,6.083529,13.232165,10.316228,12.497295,14.351597,12.100463,10.410987,13.316034,12.226654,14.817934,10.246133,11.386182,13.548132,6.629705,15.391013,10.248945,9.704587,12.52515,11.898085,7.799286,11.076695,10.208328,8.691793,12.996212,9.861779,9.883999,11.62602,7.074519,12.476173,10.198152,6.057872,8.092136,6.827218,5.972815,6.276318,11.00081,6.988282,9.431013,10.31416,9.026287,10.396861,9.963386,6.955938,10.079036,8.682046,8.338966,8.47005,9.919298,7.768936,7.357453,8.651689,9.170991,6.437041,9.605197,9.443261,8.752528,6.790434,11.075112,9.095722,9.678453,8.496655,8.007838,9.098616,7.268179,7.432023,9.45244,9.62523,7.423762,12.279078,8.270239,7.316412,9.268774,8.558223,9.333074,7.611844,9.531352,7.658324,9.494217,9.013219,10.237457,9.298697,9.069962,7.080769,8.488639,13.100103,9.656298,6.516709,8.296523,10.480972,7.992504,9.583589,11.244492,8.129852,7.530911,10.376699,6.857365,9.83577,8.974347,6.972902
6.316875,14.638364,6.366644,6.36135,6.164304,6.235634,7.992905,8.074601,6.152992,14.725816,14.637321,13.939109,6.29821,14.304281,6.208903,15.563922,6.227478,6.18195,7.801273,10.70376,6.210875,12.498855,6.046524,10.86913,7.533948,11.969057,6.128191,10.553101,6.047757,8.924895,10.094635,11.213149,7.043064,6.231502,5.965785,9.42131,12.005079,6.064556,7.513314,8.326956,6.339279,10.119639,9.234582,6.464446,11.55528,6.185527,7.619944,7.496649,6.297929,8.16304,6.611351,7.73078,9.927929,6.342551,11.157925,8.341348,5.842182,6.249848,12.517359,8.253218,9.176882,8.597869,8.202882,6.020303,6.505454,6.279213,10.487618,11.186137,6.724132,12.708649,9.853866,8.190033,7.061767,6.857562,9.480399,6.223096,9.305984,7.058573,7.477913,10.297894,7.30594,6.376907,10.208887,8.567296,9.624591,10.289679,8.984569,8.598199,6.831129,8.365921,8.693955,6.441191,14.089108,6.307635,7.159832,11.815428,6.980849,8.744071,6.274349,6.072458
13.709389,6.312181,6.045704,13.038213,6.009397,13.444832,13.067961,13.233584,12.561264,12.297096,13.888297,12.867097,11.807274,12.70528,11.784153,15.310678,6.161733,10.635392,11.592803,12.900731,10.42106,10.30518,5.934803,11.200443,8.897812,8.986539,5.964058,8.500417,13.42394,11.850152,9.375813,6.639027,6.856131,6.567119,6.934171,6.325123,11.478689,6.985982,7.788887,8.650188,7.776197,10.72312,9.853739,7.642117,9.493949,8.486141,10.156757,8.223072,10.145676,8.630151,7.757595,8.564314,10.012536,6.53886,10.524291,10.172193,5.770005,8.917333,11.107329,8.109766,9.624622,8.869068,9.25077,8.94457,7.434597,7.541302,9.745434,9.736174,8.881343,12.150323,9.249213,8.532355,7.963451,8.348487,9.682298,9.622569,8.824253,7.844583,9.10276,10.669838,8.829211,9.150997,10.45715,8.702917,9.419267,10.905439,9.469032,8.338042,8.64973,12.325717,6.865275,7.738174,11.499586,8.455154,9.104524,10.429815,10.045585,10.365574,6.746959,6.941321
